No;Title;Year;Genre;Origin;Director;Star;IMDB link
1;The Dark Knight;1994;Drama;USA;Frank Darabont;Tim Robbins;https://www.imdb.com/title/tt0111161
2;12 Angry Men;1972;Drama;USA;Francis Ford Coppola;Marlon Brando;https://www.imdb.com/title/tt0068646
3;Schindler's List;1974;Drama;USA;Francis Ford Coppola;Al Pacino;https://www.imdb.com/title/tt0071562
4;The Lord of the Rings: The Return of the King;2008;Drama;USA;Christopher Nolan;Christian Bale;https://www.imdb.com/title/tt0468569
5;Pulp Fiction;1957;Drama;USA;Sidney Lumet;Henry Fonda;https://www.imdb.com/title/tt0050083
6;Il buono, il brutto, il cattivo;1993;Drama;USA;Steven Spielberg;Liam Neeson;https://www.imdb.com/title/tt0108052
7;Fight Club;2003;Fantasy;USA;Peter Jackson;Elijah Wood;https://www.imdb.com/title/tt0167260
8;The Lord of the Rings: The Fellowship of the Ring;1994;Drama;USA;Quentin Tarantino;John Travolta;https://www.imdb.com/title/tt0110912
9;Forrest Gump;1966;Western;West Germany;Sergio Leone;Clint Eastwood;https://www.imdb.com/title/tt0060196
10;Star Wars: Episode V - The Empire Strikes Back;1999;Drama;USA;David Fincher;Brad Pitt;https://www.imdb.com/title/tt0137523
11;Inception;2001;Fantasy;USA;Peter Jackson;Elijah Wood;https://www.imdb.com/title/tt0120737
12;The Lord of the Rings: The Two Towers;1994;Drama;USA;Robert Zemeckis;Tom Hanks;https://www.imdb.com/title/tt0109830
13;One Flew Over the Cuckoo's Nest;1980;Fantasy;USA;Irvin Kershner;Mark Hamill;https://www.imdb.com/title/tt0080684
14;Goodfellas;2010;Adventure;USA;Christopher Nolan;Leonardo DiCaprio;https://www.imdb.com/title/tt1375666
15;The Matrix;2002;Fantasy;USA;Peter Jackson;Elijah Wood;https://www.imdb.com/title/tt0167261
16;Shichinin no samurai;1975;Drama;USA;Milos Forman;Jack Nicholson;https://www.imdb.com/title/tt0073486
17;Cidade de Deus;1990;Drama;USA;Martin Scorsese;Robert De Niro;https://www.imdb.com/title/tt0099685
18;Se7en;1999;Action;USA;Lana Wachowski;Keanu Reeves;https://www.imdb.com/title/tt0133093
19;Star Wars;1954;Drama;Japan;Akira Kurosawa;Toshirô Mifune;https://www.imdb.com/title/tt0047478
20;The Silence of the Lambs;2002;Drama;Brazil;Fernando Meirelles;Alexandre Rodrigues;https://www.imdb.com/title/tt0317248
21;It's a Wonderful Life;1995;Drama;USA;David Fincher;Morgan Freeman;https://www.imdb.com/title/tt0114369
22;La vita è bella;1977;Fantasy;USA;George Lucas;Mark Hamill;https://www.imdb.com/title/tt0076759
23;The Usual Suspects;1991;Thriller;USA;Jonathan Demme;Jodie Foster;https://www.imdb.com/title/tt0102926
24;Sen to Chihiro no kamikakushi;1946;Drama;USA;Frank Capra;James Stewart;https://www.imdb.com/title/tt0038650
25;Saving Private Ryan;1997;War;Italy;Roberto Benigni;Roberto Benigni;https://www.imdb.com/title/tt0118799
26;Léon;1995;Thriller;USA;Bryan Singer;Kevin Spacey;https://www.imdb.com/title/tt0114814
27;Spider-Man: Into the Spider-Verse;2001;Adventure;Japan;Hayao Miyazaki;Daveigh Chase;https://www.imdb.com/title/tt0245429
28;The Green Mile;1998;Drama;USA;Steven Spielberg;Tom Hanks;https://www.imdb.com/title/tt0120815
29;Interstellar;1994;Drama;France;Luc Besson;Jean Reno;https://www.imdb.com/title/tt0110413
30;Psycho;2018;Comedy;USA;Bob Persichetti;Shameik Moore;https://www.imdb.com/title/tt4633694
31;American History X;1999;Drama;USA;Frank Darabont;Tom Hanks;https://www.imdb.com/title/tt0120689
32;City Lights;2014;Drama;USA;Christopher Nolan;Matthew McConaughey;https://www.imdb.com/title/tt0816692
33;C'era una volta il West;1960;Thriller;USA;Alfred Hitchcock;Anthony Perkins;https://www.imdb.com/title/tt0054215
34;Casablanca;1998;Drama;USA;Tony Kaye;Edward Norton;https://www.imdb.com/title/tt0120586
35;Modern Times;1931;Drama;USA;Charles Chaplin;Charles Chaplin;https://www.imdb.com/title/tt0021749
36;The Pianist;1968;Western;Italy;Sergio Leone;Henry Fonda;https://www.imdb.com/title/tt0064116
37;Intouchables;1942;War;USA;Michael Curtiz;Humphrey Bogart;https://www.imdb.com/title/tt0034583
38;The Departed;1936;Drama;USA;Charles Chaplin;Charles Chaplin;https://www.imdb.com/title/tt0027977
39;Terminator 2: Judgment Day;2002;Drama;France;Roman Polanski;Adrien Brody;https://www.imdb.com/title/tt0253474
40;Back to the Future;2011;Drama;France;Olivier Nakache;François Cluzet;https://www.imdb.com/title/tt1675434
41;Whiplash;2006;Drama;Hong Kong;Martin Scorsese;Leonardo DiCaprio;https://www.imdb.com/title/tt0407887
42;Rear Window;1991;Action;France;James Cameron;Arnold Schwarzenegger;https://www.imdb.com/title/tt0103064
43;Raiders of the Lost Ark;1985;Comedy;USA;Robert Zemeckis;Michael J. Fox;https://www.imdb.com/title/tt0088763
44;The Lion King ;2014;Drama;USA;Damien Chazelle;Miles Teller;https://www.imdb.com/title/tt2582802
45;Gladiator;1954;Thriller;USA;Alfred Hitchcock;James Stewart;https://www.imdb.com/title/tt0047396
46;The Prestige;1981;Adventure;USA;Steven Spielberg;Harrison Ford;https://www.imdb.com/title/tt0082971
47;Apocalypse Now;1994;Adventure;USA;Roger Allers;Donald Glover;https://www.imdb.com/title/tt0110357
48;Memento;2000;Drama;USA;Ridley Scott;Russell Crowe;https://www.imdb.com/title/tt0172495
49;Alien;2006;Drama;USA;Christopher Nolan;Christian Bale;https://www.imdb.com/title/tt0482571
50;The Great Dictator;1979;Drama;USA;Francis Ford Coppola;Martin Sheen;https://www.imdb.com/title/tt0078788
51;Nuovo Cinema Paradiso;2000;Thriller;USA;Christopher Nolan;Guy Pearce;https://www.imdb.com/title/tt0209144
52;Hotaru no haka;1979;Horror;USA;Ridley Scott;Sigourney Weaver;https://www.imdb.com/title/tt0078748
53;Avengers: Infinity War;1940;Drama;USA;Charles Chaplin;Charles Chaplin;https://www.imdb.com/title/tt0032553
54;Sunset Blvd.;1988;Drama;Italy;Giuseppe Tornatore;Philippe Noiret;https://www.imdb.com/title/tt0095765
55;Das Leben der Anderen;1988;War;Japan;Isao Takahata;Tsutomu Tatsumi;https://www.imdb.com/title/tt0095327
56;Dr. Strangelove or: How I Learned to Stop Worrying and Love the Bomb;2018;Adventure;USA;Anthony Russo;Robert Downey Jr.;https://www.imdb.com/title/tt4154756
57;Paths of Glory;1950;Drama;USA;Billy Wilder;William Holden;https://www.imdb.com/title/tt0043014
58;The Shining;2006;Drama;Germany;Florian Henckel von Donnersmarck;Ulrich Mühe;https://www.imdb.com/title/tt0405094
59;Django Unchained;1964;Comedy;USA;Stanley Kubrick;Peter Sellers;https://www.imdb.com/title/tt0057012
60;WALL E;1957;Drama;USA;Stanley Kubrick;Kirk Douglas;https://www.imdb.com/title/tt0050825
61;Mononoke-hime;1980;Horror;USA;Stanley Kubrick;Jack Nicholson;https://www.imdb.com/title/tt0081505
62;Witness for the Prosecution;2012;Western;USA;Quentin Tarantino;Jamie Foxx;https://www.imdb.com/title/tt1853728
63;American Beauty;2008;Adventure;USA;Andrew Stanton;Ben Burtt;https://www.imdb.com/title/tt0910970
64;The Dark Knight Rises;1997;Adventure;Japan;Hayao Miyazaki;Yôji Matsuda;https://www.imdb.com/title/tt0119698
65;Oldeuboi;1957;Drama;USA;Billy Wilder;Tyrone Power;https://www.imdb.com/title/tt0051201
66;Aliens;1999;Drama;USA;Sam Mendes;Kevin Spacey;https://www.imdb.com/title/tt0169547
67;Once Upon a Time in America;2012;Action;USA;Christopher Nolan;Christian Bale;https://www.imdb.com/title/tt1345836
68;Coco;2003;Thriller;South Korea;Chan-wook Park;Choi Min-sik;https://www.imdb.com/title/tt0364569
69;Das Boot;1986;Adventure;USA;James Cameron;Sigourney Weaver;https://www.imdb.com/title/tt0090605
70;Citizen Kane;1984;Drama;Italy;Sergio Leone;Robert De Niro;https://www.imdb.com/title/tt0087843
71;Braveheart;2017;Comedy;USA;Lee Unkrich;Anthony Gonzalez;https://www.imdb.com/title/tt2380307
72;Vertigo;1981;War;West Germany;Wolfgang Petersen;Jürgen Prochnow;https://www.imdb.com/title/tt0082096
73;North by Northwest;1941;Drama;USA;Orson Welles;Orson Welles;https://www.imdb.com/title/tt0033467
74;Reservoir Dogs;1995;Drama;USA;Mel Gibson;Mel Gibson;https://www.imdb.com/title/tt0112573
75;Star Wars: Episode VI - Return of the Jedi;1958;Thriller;USA;Alfred Hitchcock;James Stewart;https://www.imdb.com/title/tt0052357
76;M - Eine Stadt sucht einen Mörder;1959;Thriller;USA;Alfred Hitchcock;Cary Grant;https://www.imdb.com/title/tt0053125
77;Kimi no na wa.;1992;Drama;USA;Quentin Tarantino;Harvey Keitel;https://www.imdb.com/title/tt0105236
78;Amadeus;1983;Adventure;USA;Richard Marquand;Mark Hamill;https://www.imdb.com/title/tt0086190
79;Requiem for a Dream;1931;Thriller;Germany;Fritz Lang;Peter Lorre;https://www.imdb.com/title/tt0022100
80;Dangal;2016;Romance;Japan;Makoto Shinkai;Ryunosuke Kamiki;https://www.imdb.com/title/tt5311514
81;Taare Zameen Par;1984;Drama;France;Milos Forman;F. Murray Abraham;https://www.imdb.com/title/tt0086879
82;Lawrence of Arabia;2000;Drama;USA;Darren Aronofsky;Ellen Burstyn;https://www.imdb.com/title/tt0180093
83;Eternal Sunshine of the Spotless Mind;2016;Drama;India;Nitesh Tiwari;Aamir Khan;https://www.imdb.com/title/tt5074352
84;A Clockwork Orange;2007;Drama;India;Aamir Khan;Aamir Khan;https://www.imdb.com/title/tt0986264
85;3 Idiots;1962;Biography;UK;David Lean;Peter O'Toole;https://www.imdb.com/title/tt0056172
86;2001: A Space Odyssey;2004;Romance;USA;Michel Gondry;Jim Carrey;https://www.imdb.com/title/tt0338013
87;Le fabuleux destin d'Amélie Poulain;1971;Drama;USA;Stanley Kubrick;Malcolm McDowell;https://www.imdb.com/title/tt0066921
88;Toy Story;2009;Drama;India;Rajkumar Hirani;Aamir Khan;https://www.imdb.com/title/tt1187043
89;Double Indemnity;1968;Adventure;USA;Stanley Kubrick;Keir Dullea;https://www.imdb.com/title/tt0062622
90;Taxi Driver;2001;Comedy;France;Jean-Pierre Jeunet;Audrey Tautou;https://www.imdb.com/title/tt0211915
91;Singin' in the Rain;1995;Comedy;USA;John Lasseter;Tom Hanks;https://www.imdb.com/title/tt0114709
92;Inglourious Basterds;1944;Drama;USA;Billy Wilder;Fred MacMurray;https://www.imdb.com/title/tt0036775
93;Full Metal Jacket;1976;Drama;USA;Martin Scorsese;Robert De Niro;https://www.imdb.com/title/tt0075314
94;To Kill a Mockingbird;1952;Comedy;USA;Stanley Donen;Gene Kelly;https://www.imdb.com/title/tt0045152
95;Ladri di biciclette;2009;War;USA;Quentin Tarantino;Brad Pitt;https://www.imdb.com/title/tt0361748
96;The Kid;1987;Drama;USA;Stanley Kubrick;Matthew Modine;https://www.imdb.com/title/tt0093058
97;The Sting;1962;Drama;USA;Robert Mulligan;Gregory Peck;https://www.imdb.com/title/tt0056592
98;Good Will Hunting;1948;Drama;Italy;Vittorio De Sica;Lamberto Maggiorani;https://www.imdb.com/title/tt0040522
99;Toy Story 3;1921;Drama;USA;Charles Chaplin;Charles Chaplin;https://www.imdb.com/title/tt0012349
100;Jagten;1973;Drama;USA;George Roy Hill;Paul Newman;https://www.imdb.com/title/tt0070735
101;Snatch;1997;Romance;USA;Gus Van Sant;Robin Williams;https://www.imdb.com/title/tt0119217
102;Scarface;2010;Comedy;USA;Lee Unkrich;Tom Hanks;https://www.imdb.com/title/tt0435761
103;Monty Python and the Holy Grail;2012;Drama;Sweden;Thomas Vinterberg;Mads Mikkelsen;https://www.imdb.com/title/tt2106476
104;Per qualche dollaro in più;2000;Comedy;USA;Guy Ritchie;Jason Statham;https://www.imdb.com/title/tt0208092
105;L.A. Confidential;1983;Drama;USA;Brian De Palma;Al Pacino;https://www.imdb.com/title/tt0086250
106;The Apartment;1975;Comedy;UK;Terry Gilliam;Graham Chapman;https://www.imdb.com/title/tt0071853
107;Metropolis;1965;Western;West Germany;Sergio Leone;Clint Eastwood;https://www.imdb.com/title/tt0059578
108;Jodaeiye Nader az Simin;1997;Drama;USA;Curtis Hanson;Kevin Spacey;https://www.imdb.com/title/tt0119488
109;Indiana Jones and the Last Crusade;1960;Romance;USA;Billy Wilder;Jack Lemmon;https://www.imdb.com/title/tt0053604
110;Rashômon;1927;Drama;Germany;Fritz Lang;Brigitte Helm;https://www.imdb.com/title/tt0017136
111;Up;2011;Drama;Iran;Asghar Farhadi;Payman Maadi;https://www.imdb.com/title/tt1832382
112;All About Eve;1989;Adventure;USA;Steven Spielberg;Harrison Ford;https://www.imdb.com/title/tt0097576
113;Batman Begins;1950;Drama;Japan;Akira Kurosawa;Toshirô Mifune;https://www.imdb.com/title/tt0042876
114;Yôjinbô;2009;Adventure;USA;Pete Docter;Edward Asner;https://www.imdb.com/title/tt1049413
115;Some Like It Hot;1950;Drama;USA;Joseph L. Mankiewicz;Bette Davis;https://www.imdb.com/title/tt0042192
116;Unforgiven;2005;Adventure;USA;Christopher Nolan;Christian Bale;https://www.imdb.com/title/tt0372784
117;Der Untergang;1961;Drama;Japan;Akira Kurosawa;Toshirô Mifune;https://www.imdb.com/title/tt0055630
118;Die Hard;1959;Comedy;USA;Billy Wilder;Marilyn Monroe;https://www.imdb.com/title/tt0053291
119;The Treasure of the Sierra Madre;1992;Western;USA;Clint Eastwood;Clint Eastwood;https://www.imdb.com/title/tt0105695
120;Heat;2004;Drama;Italy;Oliver Hirschbiegel;Bruno Ganz;https://www.imdb.com/title/tt0363163
121;Ikiru;1988;Action;USA;John McTiernan;Bruce Willis;https://www.imdb.com/title/tt0095016
122;Incendies;1948;Western;USA;John Huston;Humphrey Bogart;https://www.imdb.com/title/tt0040897
123;Raging Bull;1995;Drama;USA;Michael Mann;Al Pacino;https://www.imdb.com/title/tt0113277
124;The Great Escape;1952;Drama;Japan;Akira Kurosawa;Takashi Shimura;https://www.imdb.com/title/tt0044741
125;Bacheha-Ye aseman;2010;Drama;Canada;Denis Villeneuve;Lubna Azabal;https://www.imdb.com/title/tt1255953
126;El laberinto del fauno;1980;Drama;USA;Martin Scorsese;Robert De Niro;https://www.imdb.com/title/tt0081398
127;Babam ve Oglum;1963;Thriller;USA;John Sturges;Steve McQueen;https://www.imdb.com/title/tt0057115
128;Chinatown;1997;Drama;Iran;Majid Majidi;Mohammad Amir Naji;https://www.imdb.com/title/tt0118849
129;The Third Man;2006;Drama;Mexico;Guillermo del Toro;Ivana Baquero;https://www.imdb.com/title/tt0457430
130;Bohemian Rhapsody;2005;Drama;Turkey;Çagan Irmak;Çetin Tekindor;https://www.imdb.com/title/tt0476735
131;Tonari no Totoro;1974;Drama;USA;Roman Polanski;Jack Nicholson;https://www.imdb.com/title/tt0071315
132;Hauru no ugoku shiro;1949;Thriller;UK;Carol Reed;Orson Welles;https://www.imdb.com/title/tt0041959
133;Ran;2018;Drama;USA;Bryan Singer;Rami Malek;https://www.imdb.com/title/tt1727824
134;Judgment at Nuremberg;1988;Fantasy;Japan;Hayao Miyazaki;Hitoshi Takagi;https://www.imdb.com/title/tt0096283
135;El secreto de sus ojos;2004;Adventure;Japan;Hayao Miyazaki;Chieko Baishô;https://www.imdb.com/title/tt0347149
136;The Gold Rush;1985;Drama;Japan;Akira Kurosawa;Tatsuya Nakadai;https://www.imdb.com/title/tt0089881
137;The Bridge on the River Kwai;1961;Drama;USA;Stanley Kramer;Spencer Tracy;https://www.imdb.com/title/tt0055031
138;A Beautiful Mind;2009;Thriller;Argentina;Juan José Campanella;Ricardo Darín;https://www.imdb.com/title/tt1305806
139;Lock, Stock and Two Smoking Barrels;1925;Drama;USA;Charles Chaplin;Charles Chaplin;https://www.imdb.com/title/tt0015864
140;Casino;1957;War;USA;David Lean;William Holden;https://www.imdb.com/title/tt0050212
141;Three Billboards Outside Ebbing, Missouri;2001;Drama;USA;Ron Howard;Russell Crowe;https://www.imdb.com/title/tt0268978
142;On the Waterfront;1998;Comedy;UK;Guy Ritchie;Jason Flemyng;https://www.imdb.com/title/tt0120735
143;Det sjunde inseglet;1995;Drama;France;Martin Scorsese;Robert De Niro;https://www.imdb.com/title/tt0112641
144;Inside Out;2017;Drama;USA;Martin McDonagh;Frances McDormand;https://www.imdb.com/title/tt5027774
145;The Elephant Man;1954;Drama;USA;Elia Kazan;Marlon Brando;https://www.imdb.com/title/tt0047296
146;Room;1957;Drama;Sweden;Ingmar Bergman;Max von Sydow;https://www.imdb.com/title/tt0050976
147;The Wolf of Wall Street;2015;Comedy;USA;Pete Docter;Amy Poehler;https://www.imdb.com/title/tt2096673
148;Mr. Smith Goes to Washington;1980;Drama;USA;David Lynch;Anthony Hopkins;https://www.imdb.com/title/tt0080678
149;V for Vendetta;2015;Drama;Canada;Lenny Abrahamson;Brie Larson;https://www.imdb.com/title/tt3170832
150;Warrior;2013;Drama;USA;Martin Scorsese;Leonardo DiCaprio;https://www.imdb.com/title/tt0993846
151;Blade Runner;1939;Drama;USA;Frank Capra;James Stewart;https://www.imdb.com/title/tt0031679
152;Dial M for Murder;2005;Drama;Germany;James McTeigue;Hugo Weaving;https://www.imdb.com/title/tt0434409
153;Smultronstället;2011;Drama;USA;Gavin O'Connor;Andrew Koji;https://www.imdb.com/title/tt1291584
154;The General;1982;Thriller;Hong Kong;Ridley Scott;Harrison Ford;https://www.imdb.com/title/tt0083658
155;No Country for Old Men;1954;Thriller;USA;Alfred Hitchcock;Ray Milland;https://www.imdb.com/title/tt0046912
156;Trainspotting;1957;Romance;Sweden;Ingmar Bergman;Victor Sjöström;https://www.imdb.com/title/tt0050986
157;There Will Be Blood;1926;Comedy;USA;Clyde Bruckman;Buster Keaton;https://www.imdb.com/title/tt0017925
158;The Sixth Sense;2007;Drama;USA;Ethan Coen;Tommy Lee Jones;https://www.imdb.com/title/tt0477348
159;Gone with the Wind;1996;Drama;UK;Danny Boyle;Ewan McGregor;https://www.imdb.com/title/tt0117951
160;The Thing;2007;Drama;USA;Paul Thomas Anderson;Daniel Day-Lewis;https://www.imdb.com/title/tt0469494
161;Fargo;1999;Drama;USA;M. Night Shyamalan;Bruce Willis;https://www.imdb.com/title/tt0167404
162;Gran Torino;1939;War;USA;Victor Fleming;Clark Gable;https://www.imdb.com/title/tt0031381
163;Roma ;1982;Horror;USA;John Carpenter;Kurt Russell;https://www.imdb.com/title/tt0084787
164;The Deer Hunter;1996;Drama;USA;Joel Coen;William H. Macy;https://www.imdb.com/title/tt0116282
165;Finding Nemo;2008;Drama;USA;Clint Eastwood;Clint Eastwood;https://www.imdb.com/title/tt1205489
166;Idi i smotri;2018;Drama;Mexico;Alfonso Cuarón;Yalitza Aparicio;https://www.imdb.com/title/tt6155172
167;The Big Lebowski;1978;Drama;USA;Michael Cimino;Robert De Niro;https://www.imdb.com/title/tt0077416
168;Shutter Island;2003;Adventure;USA;Andrew Stanton;Albert Brooks;https://www.imdb.com/title/tt0266543
169;Sherlock Jr.;1985;Drama;Soviet Union;Elem Klimov;Aleksey Kravchenko;https://www.imdb.com/title/tt0091251
170;Kill Bill: Vol. 1;1998;Comedy;USA;Joel Coen;Jeff Bridges;https://www.imdb.com/title/tt0118715
171;Cool Hand Luke;2010;Thriller;USA;Martin Scorsese;Leonardo DiCaprio;https://www.imdb.com/title/tt1130884
172;Rebecca;1924;Romance;USA;Buster Keaton;Buster Keaton;https://www.imdb.com/title/tt0015324
173;Tôkyô monogatari;2003;Action;USA;Quentin Tarantino;Uma Thurman;https://www.imdb.com/title/tt0266697
174;Mary and Max;1967;Drama;USA;Stuart Rosenberg;Paul Newman;https://www.imdb.com/title/tt0061512
175;Hacksaw Ridge;1940;Thriller;USA;Alfred Hitchcock;Laurence Olivier;https://www.imdb.com/title/tt0032976
176;Gone Girl;1953;Drama;Japan;Yasujirô Ozu;Chishû Ryû;https://www.imdb.com/title/tt0046438
177;How to Train Your Dragon;2009;Drama;Australia;Adam Elliot;Toni Collette;https://www.imdb.com/title/tt0978762
178;Sunrise: A Song of Two Humans;2016;Drama;USA;Mel Gibson;Andrew Garfield;https://www.imdb.com/title/tt2119532
179;Relatos salvajes;2014;Thriller;USA;David Fincher;Ben Affleck;https://www.imdb.com/title/tt2267998
180;Jurassic Park;2010;Comedy;USA;Dean DeBlois;Jay Baruchel;https://www.imdb.com/title/tt0892769
181;Into the Wild;1927;Romance;USA;F.W. Murnau;George O'Brien;https://www.imdb.com/title/tt0018455
182;Life of Brian;2014;Drama;Argentina;Damián Szifron;Darío Grandinetti;https://www.imdb.com/title/tt3011894
183;In the Name of the Father;1993;Adventure;USA;Steven Spielberg;Sam Neill;https://www.imdb.com/title/tt0107290
184;The Truman Show;2007;Drama;USA;Sean Penn;Emile Hirsch;https://www.imdb.com/title/tt0758758
185;The Grand Budapest Hotel;1979;Comedy;UK;Terry Jones;Graham Chapman;https://www.imdb.com/title/tt0079470
186;Platoon;1993;Drama;UK;Jim Sheridan;Daniel Day-Lewis;https://www.imdb.com/title/tt0107207
187;Stand by Me;1998;Drama;USA;Peter Weir;Jim Carrey;https://www.imdb.com/title/tt0120382
188;It Happened One Night;2014;Drama;USA;Wes Anderson;Ralph Fiennes;https://www.imdb.com/title/tt2278388
189;Eskiya ;1986;Drama;USA;Oliver Stone;Charlie Sheen;https://www.imdb.com/title/tt0091763
190;Network;1986;Drama;USA;Rob Reiner;Wil Wheaton;https://www.imdb.com/title/tt0092005
191;Stalker;1934;Comedy;USA;Frank Capra;Clark Gable;https://www.imdb.com/title/tt0025316
192;Persona;1996;Drama;Turkey;Yavuz Turgul;Þener Þen;https://www.imdb.com/title/tt0116231
193;Salinui chueok;1976;Drama;USA;Sidney Lumet;Faye Dunaway;https://www.imdb.com/title/tt0074958
194;Ben-Hur;1979;Drama;Soviet Union;Andrei Tarkovsky;Alisa Freyndlikh;https://www.imdb.com/title/tt0079944
195;Hotel Rwanda;1966;Drama;Sweden;Ingmar Bergman;Bibi Andersson;https://www.imdb.com/title/tt0060827
196;12 Years a Slave;2003;Thriller;South Korea;Joon-ho Bong;Song Kang-ho;https://www.imdb.com/title/tt0353969
197;Million Dollar Baby;1959;History;USA;William Wyler;Charlton Heston;https://www.imdb.com/title/tt0052618
198;La passion de Jeanne d'Arc;2004;History;South Africa;Terry George;Don Cheadle;https://www.imdb.com/title/tt0395169
199;Rush;2013;History;USA;Steve McQueen;Chiwetel Ejiofor;https://www.imdb.com/title/tt2024544
200;Andrey Rublev;2004;Drama;USA;Clint Eastwood;Hilary Swank;https://www.imdb.com/title/tt0405159
201;Le salaire de la peur;1928;History;France;Carl Theodor Dreyer;Maria Falconett;https://www.imdb.com/title/tt0019254
202;Before Sunrise;2013;Drama;Germany;Ron Howard;Daniel Brühl;https://www.imdb.com/title/tt1979320
203;Mad Max: Fury Road;1966;History;Soviet Union;Andrei Tarkovsky;Anatoliy Solonitsyn;https://www.imdb.com/title/tt0060107
204;Les quatre cents coups;1953;Drama;Italy;Henri-Georges Clouzot;Yves Montand;https://www.imdb.com/title/tt0046268
205;Prisoners;1995;Romance;Switzerland;Richard Linklater;Ethan Hawke;https://www.imdb.com/title/tt0112471
206;Hachi: A Dog's Tale;2015;Adventure;USA;George Miller;Tom Hardy;https://www.imdb.com/title/tt1392190
207;Spotlight;1959;Drama;France;François Truffaut;Jean-Pierre Léaud;https://www.imdb.com/title/tt0053198
208;Logan;2013;Drama;USA;Denis Villeneuve;Hugh Jackman;https://www.imdb.com/title/tt1392214
209;Rang De Basanti;2009;Drama;USA;Lasse Hallström;Richard Gere;https://www.imdb.com/title/tt1028532
210;Amores perros;2015;Drama;USA;Tom McCarthy;Mark Ruffalo;https://www.imdb.com/title/tt1895587
211;The Princess Bride;2017;Drama;USA;James Mangold;Hugh Jackman;https://www.imdb.com/title/tt3315342
212;Catch Me If You Can;2006;Drama;India;Rakeysh Omprakash Mehra;Aamir Khan;https://www.imdb.com/title/tt0405508
213;Kaze no tani no Naushika;2000;Drama;Mexico;Alejandro G. Iñárritu;Emilio Echevarría;https://www.imdb.com/title/tt0245712
214;Harry Potter and the Deathly Hallows: Part 2;1987;Romance;USA;Rob Reiner;Cary Elwes;https://www.imdb.com/title/tt0093779
215;Butch Cassidy and the Sundance Kid;2002;Drama;Canada;Steven Spielberg;Leonardo DiCaprio;https://www.imdb.com/title/tt0264464
216;Rocky;1984;Adventure;Japan;Hayao Miyazaki;Sumi Shimamoto;https://www.imdb.com/title/tt0087544
217;Barry Lyndon;2011;Drama;USA;David Yates;Daniel Radcliffe;https://www.imdb.com/title/tt1201607
218;Monsters, Inc.;1969;Western;USA;George Roy Hill;Paul Newma;https://www.imdb.com/title/tt0064115
219;The Grapes of Wrath;1976;Drama;USA;John G. Avildsen;Sylvester Stallone;https://www.imdb.com/title/tt0075148
220;The Maltese Falcon;1975;War;USA;Stanley Kubrick;Ryan O'Neal;https://www.imdb.com/title/tt0072684
221;Dead Poets Society;2001;Comedy;USA;Pete Docter;Billy Crystal;https://www.imdb.com/title/tt0198781
222;Donnie Darko;1940;Drama;USA;John Ford;Henry Fonda;https://www.imdb.com/title/tt0032551
223;The Terminator;1941;Mystery;USA;John Huston;Humphrey Bogart;https://www.imdb.com/title/tt0033870
224;Gandhi;1989;Drama;USA;Peter Weir;Robin Williams;https://www.imdb.com/title/tt0097165
225;Les diaboliques;2001;Drama;USA;Richard Kelly;Jake Gyllenhaal;https://www.imdb.com/title/tt0246578
226;La haine;1984;Action;USA;James Cameron;Arnold Schwarzenegger;https://www.imdb.com/title/tt0088247
227;Groundhog Day;1982;Drama;India;Richard Attenborough;Ben Kingsley;https://www.imdb.com/title/tt0083987
228;The Wizard of Oz;1955;Thriller;France;Henri-Georges Clouzot;Simone Signoret;https://www.imdb.com/title/tt0046911
229;Jaws;1995;Drama;France;Mathieu Kassovitz;Vincent Cassel;https://www.imdb.com/title/tt0113247
230;Le notti di Cabiria;1993;Comedy;USA;Harold Ramis;Bill Murray;https://www.imdb.com/title/tt0107048
231;The Help;1939;Fantasy;USA;Victor Fleming;Judy Garland;https://www.imdb.com/title/tt0032138
232;Faa yeung nin wa;1975;Drama;USA;Steven Spielberg;Roy Scheider;https://www.imdb.com/title/tt0073195
233;Mandariinid;1957;Drama;Italy;Federico Fellini;Giulietta Masina;https://www.imdb.com/title/tt0050783
234;Before Sunset;2011;Drama;India;Tate Taylor;Viola Davis;https://www.imdb.com/title/tt1454029
235;Paper Moon;2000;Romance;Hong Kong;Kar-Wai Wong;Tony Leung Chiu-wai,;https://www.imdb.com/title/tt0118694
236;Ah-ga-ssi;2013;Drama;Georgia;Zaza Urushadze;Lembit Ulfsak;https://www.imdb.com/title/tt2991224
237;Paris, Texas;2004;Romance;USA;Richard Linklater;Ethan Hawke;https://www.imdb.com/title/tt0381681
238;The Best Years of Our Lives;1973;Drama;USA;Peter Bogdanovich;Ryan O'Neal;https://www.imdb.com/title/tt0070510
239;Tenkû no shiro Rapyuta;2016;Romance;South Korea;Chan-wook Park;Kim Min-hee;https://www.imdb.com/title/tt4016934
240;Pirates of the Caribbean: The Curse of the Black Pearl;1984;Drama;West Germany;Wim Wenders;Harry Dean Stanton;https://www.imdb.com/title/tt0087884
241;Blade Runner 2049;1946;Romance;USA;William Wyler;Myrna Loy;https://www.imdb.com/title/tt0036868
242;La La Land;1986;Drama;Japan;Hayao Miyazaki;Mayumi Tanaka;https://www.imdb.com/title/tt0092067
243;Guardians of the Galaxy;2003;Adventure;USA;Gore Verbinski;Johnny Depp;https://www.imdb.com/title/tt0325980
244;Fanny och Alexander;2017;Drama;Canada;Denis Villeneuve;Ryan Gosling;https://www.imdb.com/title/tt1856101
245;Tsubaki Sanjûrô;2016;Comedy;Hong Kong;Damien Chazelle;Ryan Gosling;https://www.imdb.com/title/tt3783958
246;Gangs of Wasseypur;2014;Adventure;USA;James Gunn;Chris Pratt;https://www.imdb.com/title/tt2015381
247;Drishyam ;1982;Drama;Sweden;Ingmar Bergman;Bertil Guve;https://www.imdb.com/title/tt0083922
248;Tsubaki Sanjûrô;1962;Drama;Japan;Akira Kurosawa;Toshirô Mifune;https://www.imdb.com/title/tt0056443
249;Gangs of Wasseypur;2012;Comedy;India;Anurag Kashyap;Manoj Bajpayee;https://www.imdb.com/title/tt1954470
250;Drishyam ;2015;Drama;India;Nishikant Kamat;Ajay Devgn;https://www.imdb.com/title/tt4430212
